n,Sr No,Folder,Picture,Composition,composition_final,Element,Fraction,Frac,H2_W%,Pressure,Temperature,Che_pot,AN,Period,AR,Cr,VWR,EN,Density,EA,MP,BP,VEC,FIE,TC,BM,HF,MV,Mass,SH,M-M_Eng,M-M_Bond,M-H_Bond,M-H_Eng,formation_H,en_at_H,formation_M,en_at_M,vol_H,vol_M,vol_diff,EN.Diff,M-H.EN.Diff,Atomic.Size.Diff,dSmix,ele_lst,frac_lst,Element_corrected,frac_corrected,composition_final
12679,201,PCT,88.pdf-006.jpg,Mg80 Ni20,Mg0.8Ni0.2,Mg Ni,0.8 0.2,0.8 0.2,0.0279296519045014,0.0116895181649858,573,-5113.07198613502,15.2,3.2,1.53,128.2,216,1.43,3.174,0.232,1082.8,1705,3.6,7.648,146.2,72,10.4,12.502,31.186,905,-0.888,3.192,1.708,-2.702,-0.256,-3.414,0.008,-2.428,50.462,37.938,0.232,0.24,-0.77,9.17,4.1606,"['Mg', 'Ni']","['0.8', '0.2']","['Mg', 'Ni']",[0.8 0.2],Mg0.8Ni0.2
12680,201,PCT,88.pdf-006.jpg,Mg80 Ni20,Mg0.8Ni0.2,Mg Ni,0.8 0.2,0.8 0.2,0.0336249316566428,0.0452238187257685,573,-1890.28721911658,15.2,3.2,1.53,128.2,216,1.43,3.174,0.232,1082.8,1705,3.6,7.648,146.2,72,10.4,12.502,31.186,905,-0.888,3.192,1.708,-2.702,-0.256,-3.414,0.008,-2.428,50.462,37.938,0.232,0.24,-0.77,9.17,4.1606,"['Mg', 'Ni']","['0.8', '0.2']","['Mg', 'Ni']",[0.8 0.2],Mg0.8Ni0.2
12681,201,PCT,88.pdf-006.jpg,Mg80 Ni20,Mg0.8Ni0.2,Mg Ni,0.8 0.2,0.8 0.2,0.0644705667942409,0.101309393990736,573,30.9883150674911,15.2,3.2,1.53,128.2,216,1.43,3.174,0.232,1082.8,1705,3.6,7.648,146.2,72,10.4,12.502,31.186,905,-0.888,3.192,1.708,-2.702,-0.256,-3.414,0.008,-2.428,50.462,37.938,0.232,0.24,-0.77,9.17,4.1606,"['Mg', 'Ni']","['0.8', '0.2']","['Mg', 'Ni']",[0.8 0.2],Mg0.8Ni0.2
12682,201,PCT,88.pdf-006.jpg,Mg80 Ni20,Mg0.8Ni0.2,Mg Ni,0.8 0.2,0.8 0.2,0.0636960087479497,0.157666749068336,573,1084.59102736197,15.2,3.2,1.53,128.2,216,1.43,3.174,0.232,1082.8,1705,3.6,7.648,146.2,72,10.4,12.502,31.186,905,-0.888,3.192,1.708,-2.702,-0.256,-3.414,0.008,-2.428,50.462,37.938,0.232,0.24,-0.77,9.17,4.1606,"['Mg', 'Ni']","['0.8', '0.2']","['Mg', 'Ni']",[0.8 0.2],Mg0.8Ni0.2
12683,201,PCT,88.pdf-006.jpg,Mg80 Ni20,Mg0.8Ni0.2,Mg Ni,0.8 0.2,0.8 0.2,1.02282668124658,0.215443469003188,573,1828.31058898161,15.2,3.2,1.53,128.2,216,1.43,3.174,0.232,1082.8,1705,3.6,7.648,146.2,72,10.4,12.502,31.186,905,-0.888,3.192,1.708,-2.702,-0.256,-3.414,0.008,-2.428,50.462,37.938,0.232,0.24,-0.77,9.17,4.1606,"['Mg', 'Ni']","['0.8', '0.2']","['Mg', 'Ni']",[0.8 0.2],Mg0.8Ni0.2
12684,201,PCT,88.pdf-006.jpg,Mg80 Ni20,Mg0.8Ni0.2,Mg Ni,0.8 0.2,0.8 0.2,1.5388190267906,0.232933331631417,573,2014.24047938652,15.2,3.2,1.53,128.2,216,1.43,3.174,0.232,1082.8,1705,3.6,7.648,146.2,72,10.4,12.502,31.186,905,-0.888,3.192,1.708,-2.702,-0.256,-3.414,0.008,-2.428,50.462,37.938,0.232,0.24,-0.77,9.17,4.1606,"['Mg', 'Ni']","['0.8', '0.2']","['Mg', 'Ni']",[0.8 0.2],Mg0.8Ni0.2
12685,201,PCT,88.pdf-006.jpg,Mg80 Ni20,Mg0.8Ni0.2,Mg Ni,0.8 0.2,0.8 0.2,2.21578275924913,0.302152358601403,573,2634.00678073622,15.2,3.2,1.53,128.2,216,1.43,3.174,0.232,1082.8,1705,3.6,7.648,146.2,72,10.4,12.502,31.186,905,-0.888,3.192,1.708,-2.702,-0.256,-3.414,0.008,-2.428,50.462,37.938,0.232,0.24,-0.77,9.17,4.1606,"['Mg', 'Ni']","['0.8', '0.2']","['Mg', 'Ni']",[0.8 0.2],Mg0.8Ni0.2
12686,201,PCT,88.pdf-006.jpg,Mg80 Ni20,Mg0.8Ni0.2,Mg Ni,0.8 0.2,0.8 0.2,3.79579004920722,0.434928712353812,573,3501.67960262581,15.2,3.2,1.53,128.2,216,1.43,3.174,0.232,1082.8,1705,3.6,7.648,146.2,72,10.4,12.502,31.186,905,-0.888,3.192,1.708,-2.702,-0.256,-3.414,0.008,-2.428,50.462,37.938,0.232,0.24,-0.77,9.17,4.1606,"['Mg', 'Ni']","['0.8', '0.2']","['Mg', 'Ni']",[0.8 0.2],Mg0.8Ni0.2
12687,201,PCT,88.pdf-006.jpg,Mg80 Ni20,Mg0.8Ni0.2,Mg Ni,0.8 0.2,0.8 0.2,4.05342172407509,0.556881399094526,573,4090.45758890802,15.2,3.2,1.53,128.2,216,1.43,3.174,0.232,1082.8,1705,3.6,7.648,146.2,72,10.4,12.502,31.186,905,-0.888,3.192,1.708,-2.702,-0.256,-3.414,0.008,-2.428,50.462,37.938,0.232,0.24,-0.77,9.17,4.1606,"['Mg', 'Ni']","['0.8', '0.2']","['Mg', 'Ni']",[0.8 0.2],Mg0.8Ni0.2
12688,201,PCT,88.pdf-006.jpg,Mg80 Ni20,Mg0.8Ni0.2,Mg Ni,0.8 0.2,0.8 0.2,4.33495079278294,0.844410592007682,573,5082.08367106754,15.2,3.2,1.53,128.2,216,1.43,3.174,0.232,1082.8,1705,3.6,7.648,146.2,72,10.4,12.502,31.186,905,-0.888,3.192,1.708,-2.702,-0.256,-3.414,0.008,-2.428,50.462,37.938,0.232,0.24,-0.77,9.17,4.1606,"['Mg', 'Ni']","['0.8', '0.2']","['Mg', 'Ni']",[0.8 0.2],Mg0.8Ni0.2
12689,201,PCT,88.pdf-006.jpg,Mg80 Ni20,Mg0.8Ni0.2,Mg Ni,0.8 0.2,0.8 0.2,4.40687078549298,1.23138959686572,573,5980.7448080246,15.2,3.2,1.53,128.2,216,1.43,3.174,0.232,1082.8,1705,3.6,7.648,146.2,72,10.4,12.502,31.186,905,-0.888,3.192,1.708,-2.702,-0.256,-3.414,0.008,-2.428,50.462,37.938,0.232,0.24,-0.77,9.17,4.1606,"['Mg', 'Ni']","['0.8', '0.2']","['Mg', 'Ni']",[0.8 0.2],Mg0.8Ni0.2
12690,201,PCT,88.pdf-006.jpg,Mg80 Ni20,Mg0.8Ni0.2,Mg Ni,0.8 0.2,0.8 0.2,4.47847184253691,2.15443469003188,573,7313.24235592646,15.2,3.2,1.53,128.2,216,1.43,3.174,0.232,1082.8,1705,3.6,7.648,146.2,72,10.4,12.502,31.186,905,-0.888,3.192,1.708,-2.702,-0.256,-3.414,0.008,-2.428,50.462,37.938,0.232,0.24,-0.77,9.17,4.1606,"['Mg', 'Ni']","['0.8', '0.2']","['Mg', 'Ni']",[0.8 0.2],Mg0.8Ni0.2
12780,202,PCT,88.pdf-006.jpg,Mg90 Ni10,Mg0.9Ni0.1,Mg Ni,0.9 0.1,0.9 0.1,0.0350829232731911,0.0196691372461207,573,-3873.53938343563,13.6,3.1,1.565,129.1,218,1.37,2.457,0.116,1002.4,1542.5,2.8,7.649,153.1,58.5,9.55,13.241,27.748,962.5,-0.469,3.331,1.739,-2.446,-0.273,-3.252,0.009,-2.009,55.216,41.369,0.241,0.18,-0.83,6.71,2.7029,"['Mg', 'Ni']","['0.9', '0.1']","['Mg', 'Ni']",[0.9 0.1],Mg0.9Ni0.1
12781,202,PCT,88.pdf-006.jpg,Mg90 Ni10,Mg0.9Ni0.1,Mg Ni,0.9 0.1,0.9 0.1,0.0418261344997264,0.0418281759832812,573,-2076.21710952149,13.6,3.1,1.565,129.1,218,1.37,2.457,0.116,1002.4,1542.5,2.8,7.649,153.1,58.5,9.55,13.241,27.748,962.5,-0.469,3.331,1.739,-2.446,-0.273,-3.252,0.009,-2.009,55.216,41.369,0.241,0.18,-0.83,6.71,2.7029,"['Mg', 'Ni']","['0.9', '0.1']","['Mg', 'Ni']",[0.9 0.1],Mg0.9Ni0.1
12782,202,PCT,88.pdf-006.jpg,Mg90 Ni10,Mg0.9Ni0.1,Mg Ni,0.9 0.1,0.9 0.1,0.056907235283397,0.0760949668545988,573,-650.754616417185,13.6,3.1,1.565,129.1,218,1.37,2.457,0.116,1002.4,1542.5,2.8,7.649,153.1,58.5,9.55,13.241,27.748,962.5,-0.469,3.331,1.739,-2.446,-0.273,-3.252,0.009,-2.009,55.216,41.369,0.241,0.18,-0.83,6.71,2.7029,"['Mg', 'Ni']","['0.9', '0.1']","['Mg', 'Ni']",[0.9 0.1],Mg0.9Ni0.1
12783,202,PCT,88.pdf-006.jpg,Mg90 Ni10,Mg0.9Ni0.1,Mg Ni,0.9 0.1,0.9 0.1,0.0717833059959905,0.155628952911074,573,1053.60271229449,13.6,3.1,1.565,129.1,218,1.37,2.457,0.116,1002.4,1542.5,2.8,7.649,153.1,58.5,9.55,13.241,27.748,962.5,-0.469,3.331,1.739,-2.446,-0.273,-3.252,0.009,-2.009,55.216,41.369,0.241,0.18,-0.83,6.71,2.7029,"['Mg', 'Ni']","['0.9', '0.1']","['Mg', 'Ni']",[0.9 0.1],Mg0.9Ni0.1
12784,202,PCT,88.pdf-006.jpg,Mg90 Ni10,Mg0.9Ni0.1,Mg Ni,0.9 0.1,0.9 0.1,0.410196828868234,0.184304832724857,573,1456.45080817179,13.6,3.1,1.565,129.1,218,1.37,2.457,0.116,1002.4,1542.5,2.8,7.649,153.1,58.5,9.55,13.241,27.748,962.5,-0.469,3.331,1.739,-2.446,-0.273,-3.252,0.009,-2.009,55.216,41.369,0.241,0.18,-0.83,6.71,2.7029,"['Mg', 'Ni']","['0.9', '0.1']","['Mg', 'Ni']",[0.9 0.1],Mg0.9Ni0.1
12785,202,PCT,88.pdf-006.jpg,Mg90 Ni10,Mg0.9Ni0.1,Mg Ni,0.9 0.1,0.9 0.1,0.894113358848186,0.179571449437164,573,1394.47417803683,13.6,3.1,1.565,129.1,218,1.37,2.457,0.116,1002.4,1542.5,2.8,7.649,153.1,58.5,9.55,13.241,27.748,962.5,-0.469,3.331,1.739,-2.446,-0.273,-3.252,0.009,-2.009,55.216,41.369,0.241,0.18,-0.83,6.71,2.7029,"['Mg', 'Ni']","['0.9', '0.1']","['Mg', 'Ni']",[0.9 0.1],Mg0.9Ni0.1
12786,202,PCT,88.pdf-006.jpg,Mg90 Ni10,Mg0.9Ni0.1,Mg Ni,0.9 0.1,0.9 0.1,1.71653453617642,0.196691372461207,573,1611.39238350922,13.6,3.1,1.565,129.1,218,1.37,2.457,0.116,1002.4,1542.5,2.8,7.649,153.1,58.5,9.55,13.241,27.748,962.5,-0.469,3.331,1.739,-2.446,-0.273,-3.252,0.009,-2.009,55.216,41.369,0.241,0.18,-0.83,6.71,2.7029,"['Mg', 'Ni']","['0.9', '0.1']","['Mg', 'Ni']",[0.9 0.1],Mg0.9Ni0.1
12787,202,PCT,88.pdf-006.jpg,Mg90 Ni10,Mg0.9Ni0.1,Mg Ni,0.9 0.1,0.9 0.1,3.75569527975214,0.381874715430743,573,3191.79645195095,13.6,3.1,1.565,129.1,218,1.37,2.457,0.116,1002.4,1542.5,2.8,7.649,153.1,58.5,9.55,13.241,27.748,962.5,-0.469,3.331,1.739,-2.446,-0.273,-3.252,0.009,-2.009,55.216,41.369,0.241,0.18,-0.83,6.71,2.7029,"['Mg', 'Ni']","['0.9', '0.1']","['Mg', 'Ni']",[0.9 0.1],Mg0.9Ni0.1
12788,202,PCT,88.pdf-006.jpg,Mg90 Ni10,Mg0.9Ni0.1,Mg Ni,0.9 0.1,0.9 0.1,5.13397576088937,0.586626370612141,573,4214.41084917796,13.6,3.1,1.565,129.1,218,1.37,2.457,0.116,1002.4,1542.5,2.8,7.649,153.1,58.5,9.55,13.241,27.748,962.5,-0.469,3.331,1.739,-2.446,-0.273,-3.252,0.009,-2.009,55.216,41.369,0.241,0.18,-0.83,6.71,2.7029,"['Mg', 'Ni']","['0.9', '0.1']","['Mg', 'Ni']",[0.9 0.1],Mg0.9Ni0.1
12789,202,PCT,88.pdf-006.jpg,Mg90 Ni10,Mg0.9Ni0.1,Mg Ni,0.9 0.1,0.9 0.1,5.44769455075633,0.924914727721732,573,5299.00187653993,13.6,3.1,1.565,129.1,218,1.37,2.457,0.116,1002.4,1542.5,2.8,7.649,153.1,58.5,9.55,13.241,27.748,962.5,-0.469,3.331,1.739,-2.446,-0.273,-3.252,0.009,-2.009,55.216,41.369,0.241,0.18,-0.83,6.71,2.7029,"['Mg', 'Ni']","['0.9', '0.1']","['Mg', 'Ni']",[0.9 0.1],Mg0.9Ni0.1
12790,202,PCT,88.pdf-006.jpg,Mg90 Ni10,Mg0.9Ni0.1,Mg Ni,0.9 0.1,0.9 0.1,5.55180426462548,1.40246701373404,573,6290.62795869946,13.6,3.1,1.565,129.1,218,1.37,2.457,0.116,1002.4,1542.5,2.8,7.649,153.1,58.5,9.55,13.241,27.748,962.5,-0.469,3.331,1.739,-2.446,-0.273,-3.252,0.009,-2.009,55.216,41.369,0.241,0.18,-0.83,6.71,2.7029,"['Mg', 'Ni']","['0.9', '0.1']","['Mg', 'Ni']",[0.9 0.1],Mg0.9Ni0.1
12791,202,PCT,88.pdf-006.jpg,Mg90 Ni10,Mg0.9Ni0.1,Mg Ni,0.9 0.1,0.9 0.1,5.61561417896847,2.09910372010855,573,7251.26572579149,13.6,3.1,1.565,129.1,218,1.37,2.457,0.116,1002.4,1542.5,2.8,7.649,153.1,58.5,9.55,13.241,27.748,962.5,-0.469,3.331,1.739,-2.446,-0.273,-3.252,0.009,-2.009,55.216,41.369,0.241,0.18,-0.83,6.71,2.7029,"['Mg', 'Ni']","['0.9', '0.1']","['Mg', 'Ni']",[0.9 0.1],Mg0.9Ni0.1
12792,202,PCT,88.pdf-006.jpg,Mg90 Ni10,Mg0.9Ni0.1,Mg Ni,0.9 0.1,0.9 0.1,5.69584928011664,2.65294846443189,573,7809.05539700622,13.6,3.1,1.565,129.1,218,1.37,2.457,0.116,1002.4,1542.5,2.8,7.649,153.1,58.5,9.55,13.241,27.748,962.5,-0.469,3.331,1.739,-2.446,-0.273,-3.252,0.009,-2.009,55.216,41.369,0.241,0.18,-0.83,6.71,2.7029,"['Mg', 'Ni']","['0.9', '0.1']","['Mg', 'Ni']",[0.9 0.1],Mg0.9Ni0.1
12793,202,PCT,88.pdf-006.jpg,Mg90 Ni10,Mg0.9Ni0.1,Mg Ni,0.9 0.1,0.9 0.1,5.76013759795881,3.02152358601403,573,8118.93854768107,13.6,3.1,1.565,129.1,218,1.37,2.457,0.116,1002.4,1542.5,2.8,7.649,153.1,58.5,9.55,13.241,27.748,962.5,-0.469,3.331,1.739,-2.446,-0.273,-3.252,0.009,-2.009,55.216,41.369,0.241,0.18,-0.83,6.71,2.7029,"['Mg', 'Ni']","['0.9', '0.1']","['Mg', 'Ni']",[0.9 0.1],Mg0.9Ni0.1
12794,202,PCT,88.pdf-006.jpg,Mg90 Ni10,Mg0.9Ni0.1,Mg Ni,0.9 0.1,0.9 0.1,6.0422817568799,3.22459054529639,573,8273.8801230185,13.6,3.1,1.565,129.1,218,1.37,2.457,0.116,1002.4,1542.5,2.8,7.649,153.1,58.5,9.55,13.241,27.748,962.5,-0.469,3.331,1.739,-2.446,-0.273,-3.252,0.009,-2.009,55.216,41.369,0.241,0.18,-0.83,6.71,2.7029,"['Mg', 'Ni']","['0.9', '0.1']","['Mg', 'Ni']",[0.9 0.1],Mg0.9Ni0.1
12884,203,PCT,92.pdf-010.jpg,Mg2 Ni,Mg0.67Ni0.33,Mg Ni,0.67 0.33,0.67 0.33,0.101842659628563,0.0512424366783567,623,-1731.63652571878,17.28,3.33,1.4845,127.03,213.4,1.508,4.1061,0.3828,1187.32,1916.25,4.64,7.6467,137.23,89.55,11.505,11.5413,35.6554,830.25,-1.4327,3.0113,1.6677,-3.0348,-0.2339,-3.6246,0.0067,-2.9727,44.2818,33.4777,0.2203,0.2821,-0.692,11.09,5.2729,"['Mg', 'Ni']","['0.67', '0.33']","['Mg', 'Ni']",[0.67 0.33],Mg0.67Ni0.33
12885,203,PCT,92.pdf-010.jpg,Mg2 Ni,Mg0.67Ni0.33,Mg Ni,0.67 0.33,0.67 0.33,0.172377055134507,0.221640956516623,623,2061.30015048663,17.28,3.33,1.4845,127.03,213.4,1.508,4.1061,0.3828,1187.32,1916.25,4.64,7.6467,137.23,89.55,11.505,11.5413,35.6554,830.25,-1.4327,3.0113,1.6677,-3.0348,-0.2339,-3.6246,0.0067,-2.9727,44.2818,33.4777,0.2203,0.2821,-0.692,11.09,5.2729,"['Mg', 'Ni']","['0.67', '0.33']","['Mg', 'Ni']",[0.67 0.33],Mg0.67Ni0.33
12886,203,PCT,92.pdf-010.jpg,Mg2 Ni,Mg0.67Ni0.33,Mg Ni,0.67 0.33,0.67 0.33,0.227051502457687,0.458329949165537,623,3942.96755931264,17.28,3.33,1.4845,127.03,213.4,1.508,4.1061,0.3828,1187.32,1916.25,4.64,7.6467,137.23,89.55,11.505,11.5413,35.6554,830.25,-1.4327,3.0113,1.6677,-3.0348,-0.2339,-3.6246,0.0067,-2.9727,44.2818,33.4777,0.2203,0.2821,-0.692,11.09,5.2729,"['Mg', 'Ni']","['0.67', '0.33']","['Mg', 'Ni']",[0.67 0.33],Mg0.67Ni0.33
12887,203,PCT,92.pdf-010.jpg,Mg2 Ni,Mg0.67Ni0.33,Mg Ni,0.67 0.33,0.67 0.33,0.308312549940677,0.643598792632695,623,4822.21495800357,17.28,3.33,1.4845,127.03,213.4,1.508,4.1061,0.3828,1187.32,1916.25,4.64,7.6467,137.23,89.55,11.505,11.5413,35.6554,830.25,-1.4327,3.0113,1.6677,-3.0348,-0.2339,-3.6246,0.0067,-2.9727,44.2818,33.4777,0.2203,0.2821,-0.692,11.09,5.2729,"['Mg', 'Ni']","['0.67', '0.33']","['Mg', 'Ni']",[0.67 0.33],Mg0.67Ni0.33
12888,203,PCT,92.pdf-010.jpg,Mg2 Ni,Mg0.67Ni0.33,Mg Ni,0.67 0.33,0.67 0.33,0.4068379379646,0.892740421403709,623,5669.69450849086,17.28,3.33,1.4845,127.03,213.4,1.508,4.1061,0.3828,1187.32,1916.25,4.64,7.6467,137.23,89.55,11.505,11.5413,35.6554,830.25,-1.4327,3.0113,1.6677,-3.0348,-0.2339,-3.6246,0.0067,-2.9727,44.2818,33.4777,0.2203,0.2821,-0.692,11.09,5.2729,"['Mg', 'Ni']","['0.67', '0.33']","['Mg', 'Ni']",[0.67 0.33],Mg0.67Ni0.33
12889,203,PCT,92.pdf-010.jpg,Mg2 Ni,Mg0.67Ni0.33,Mg Ni,0.67 0.33,0.67 0.33,0.75151940724957,0.965215583553232,623,5871.85354251406,17.28,3.33,1.4845,127.03,213.4,1.508,4.1061,0.3828,1187.32,1916.25,4.64,7.6467,137.23,89.55,11.505,11.5413,35.6554,830.25,-1.4327,3.0113,1.6677,-3.0348,-0.2339,-3.6246,0.0067,-2.9727,44.2818,33.4777,0.2203,0.2821,-0.692,11.09,5.2729,"['Mg', 'Ni']","['0.67', '0.33']","['Mg', 'Ni']",[0.67 0.33],Mg0.67Ni0.33
12890,203,PCT,92.pdf-010.jpg,Mg2 Ni,Mg0.67Ni0.33,Mg Ni,0.67 0.33,0.67 0.33,1.51432238068718,1.03355713049764,623,6049.03149590439,17.28,3.33,1.4845,127.03,213.4,1.508,4.1061,0.3828,1187.32,1916.25,4.64,7.6467,137.23,89.55,11.505,11.5413,35.6554,830.25,-1.4327,3.0113,1.6677,-3.0348,-0.2339,-3.6246,0.0067,-2.9727,44.2818,33.4777,0.2203,0.2821,-0.692,11.09,5.2729,"['Mg', 'Ni']","['0.67', '0.33']","['Mg', 'Ni']",[0.67 0.33],Mg0.67Ni0.33
12891,203,PCT,92.pdf-010.jpg,Mg2 Ni,Mg0.67Ni0.33,Mg Ni,0.67 0.33,0.67 0.33,2.1521828615705,1.07325500537285,623,6146.6454294756,17.28,3.33,1.4845,127.03,213.4,1.508,4.1061,0.3828,1187.32,1916.25,4.64,7.6467,137.23,89.55,11.505,11.5413,35.6554,830.25,-1.4327,3.0113,1.6677,-3.0348,-0.2339,-3.6246,0.0067,-2.9727,44.2818,33.4777,0.2203,0.2821,-0.692,11.09,5.2729,"['Mg', 'Ni']","['0.67', '0.33']","['Mg', 'Ni']",[0.67 0.33],Mg0.67Ni0.33
12892,203,PCT,92.pdf-010.jpg,Mg2 Ni,Mg0.67Ni0.33,Mg Ni,0.67 0.33,0.67 0.33,2.92794014382915,1.1350459373987,623,6291.62233673225,17.28,3.33,1.4845,127.03,213.4,1.508,4.1061,0.3828,1187.32,1916.25,4.64,7.6467,137.23,89.55,11.505,11.5413,35.6554,830.25,-1.4327,3.0113,1.6677,-3.0348,-0.2339,-3.6246,0.0067,-2.9727,44.2818,33.4777,0.2203,0.2821,-0.692,11.09,5.2729,"['Mg', 'Ni']","['0.67', '0.33']","['Mg', 'Ni']",[0.67 0.33],Mg0.67Ni0.33
12893,203,PCT,92.pdf-010.jpg,Mg2 Ni,Mg0.67Ni0.33,Mg Ni,0.67 0.33,0.67 0.33,3.49190053027918,1.64514348589674,623,7252.8885435126,17.28,3.33,1.4845,127.03,213.4,1.508,4.1061,0.3828,1187.32,1916.25,4.64,7.6467,137.23,89.55,11.505,11.5413,35.6554,830.25,-1.4327,3.0113,1.6677,-3.0348,-0.2339,-3.6246,0.0067,-2.9727,44.2818,33.4777,0.2203,0.2821,-0.692,11.09,5.2729,"['Mg', 'Ni']","['0.67', '0.33']","['Mg', 'Ni']",[0.67 0.33],Mg0.67Ni0.33
12894,203,PCT,92.pdf-010.jpg,Mg2 Ni,Mg0.67Ni0.33,Mg Ni,0.67 0.33,0.67 0.33,3.53451657425119,2.13442834993805,623,7927.23332129001,17.28,3.33,1.4845,127.03,213.4,1.508,4.1061,0.3828,1187.32,1916.25,4.64,7.6467,137.23,89.55,11.505,11.5413,35.6554,830.25,-1.4327,3.0113,1.6677,-3.0348,-0.2339,-3.6246,0.0067,-2.9727,44.2818,33.4777,0.2203,0.2821,-0.692,11.09,5.2729,"['Mg', 'Ni']","['0.67', '0.33']","['Mg', 'Ni']",[0.67 0.33],Mg0.67Ni0.33
12895,203,PCT,92.pdf-010.jpg,Mg2 Ni,Mg0.67Ni0.33,Mg Ni,0.67 0.33,0.67 0.33,3.57708419090051,2.84180659653907,623,8668.57937891511,17.28,3.33,1.4845,127.03,213.4,1.508,4.1061,0.3828,1187.32,1916.25,4.64,7.6467,137.23,89.55,11.505,11.5413,35.6554,830.25,-1.4327,3.0113,1.6677,-3.0348,-0.2339,-3.6246,0.0067,-2.9727,44.2818,33.4777,0.2203,0.2821,-0.692,11.09,5.2729,"['Mg', 'Ni']","['0.67', '0.33']","['Mg', 'Ni']",[0.67 0.33],Mg0.67Ni0.33
12896,203,PCT,92.pdf-010.jpg,Mg2 Ni,Mg0.67Ni0.33,Mg Ni,0.67 0.33,0.67 0.33,3.62844136661905,3.45724176896241,623,9176.28735293339,17.28,3.33,1.4845,127.03,213.4,1.508,4.1061,0.3828,1187.32,1916.25,4.64,7.6467,137.23,89.55,11.505,11.5413,35.6554,830.25,-1.4327,3.0113,1.6677,-3.0348,-0.2339,-3.6246,0.0067,-2.9727,44.2818,33.4777,0.2203,0.2821,-0.692,11.09,5.2729,"['Mg', 'Ni']","['0.67', '0.33']","['Mg', 'Ni']",[0.67 0.33],Mg0.67Ni0.33
12987,204,PCT,92.pdf-010.jpg,Mg2 Ni,Mg0.67Ni0.33,Mg Ni,0.67 0.33,0.67 0.33,0.0900021792295215,0.0286168103727701,573,-2980.3955006661,17.28,3.33,1.4845,127.03,213.4,1.508,4.1061,0.3828,1187.32,1916.25,4.64,7.6467,137.23,89.55,11.505,11.5413,35.6554,830.25,-1.4327,3.0113,1.6677,-3.0348,-0.2339,-3.6246,0.0067,-2.9727,44.2818,33.4777,0.2203,0.2821,-0.692,11.09,5.2729,"['Mg', 'Ni']","['0.67', '0.33']","['Mg', 'Ni']",[0.67 0.33],Mg0.67Ni0.33
12988,204,PCT,92.pdf-010.jpg,Mg2 Ni,Mg0.67Ni0.33,Mg Ni,0.67 0.33,0.67 0.33,0.168551296641565,0.171090535691731,573,1279.22862004438,17.28,3.33,1.4845,127.03,213.4,1.508,4.1061,0.3828,1187.32,1916.25,4.64,7.6467,137.23,89.55,11.505,11.5413,35.6554,830.25,-1.4327,3.0113,1.6677,-3.0348,-0.2339,-3.6246,0.0067,-2.9727,44.2818,33.4777,0.2203,0.2821,-0.692,11.09,5.2729,"['Mg', 'Ni']","['0.67', '0.33']","['Mg', 'Ni']",[0.67 0.33],Mg0.67Ni0.33
12989,204,PCT,92.pdf-010.jpg,Mg2 Ni,Mg0.67Ni0.33,Mg Ni,0.67 0.33,0.67 0.33,0.301460083779268,0.250257654650709,573,2185.12754210861,17.28,3.33,1.4845,127.03,213.4,1.508,4.1061,0.3828,1187.32,1916.25,4.64,7.6467,137.23,89.55,11.505,11.5413,35.6554,830.25,-1.4327,3.0113,1.6677,-3.0348,-0.2339,-3.6246,0.0067,-2.9727,44.2818,33.4777,0.2203,0.2821,-0.692,11.09,5.2729,"['Mg', 'Ni']","['0.67', '0.33']","['Mg', 'Ni']",[0.67 0.33],Mg0.67Ni0.33
12990,204,PCT,92.pdf-010.jpg,Mg2 Ni,Mg0.67Ni0.33,Mg Ni,0.67 0.33,0.67 0.33,0.542168091237076,0.358203347351677,573,3039.36326512828,17.28,3.33,1.4845,127.03,213.4,1.508,4.1061,0.3828,1187.32,1916.25,4.64,7.6467,137.23,89.55,11.505,11.5413,35.6554,830.25,-1.4327,3.0113,1.6677,-3.0348,-0.2339,-3.6246,0.0067,-2.9727,44.2818,33.4777,0.2203,0.2821,-0.692,11.09,5.2729,"['Mg', 'Ni']","['0.67', '0.33']","['Mg', 'Ni']",[0.67 0.33],Mg0.67Ni0.33
12991,204,PCT,92.pdf-010.jpg,Mg2 Ni,Mg0.67Ni0.33,Mg Ni,0.67 0.33,0.67 0.33,1.38681324003002,0.394870891255688,573,3271.51563512803,17.28,3.33,1.4845,127.03,213.4,1.508,4.1061,0.3828,1187.32,1916.25,4.64,7.6467,137.23,89.55,11.505,11.5413,35.6554,830.25,-1.4327,3.0113,1.6677,-3.0348,-0.2339,-3.6246,0.0067,-2.9727,44.2818,33.4777,0.2203,0.2821,-0.692,11.09,5.2729,"['Mg', 'Ni']","['0.67', '0.33']","['Mg', 'Ni']",[0.67 0.33],Mg0.67Ni0.33
12992,204,PCT,92.pdf-010.jpg,Mg2 Ni,Mg0.67Ni0.33,Mg Ni,0.67 0.33,0.67 0.33,2.10225429187147,0.41127384630194,573,3368.46713976179,17.28,3.33,1.4845,127.03,213.4,1.508,4.1061,0.3828,1187.32,1916.25,4.64,7.6467,137.23,89.55,11.505,11.5413,35.6554,830.25,-1.4327,3.0113,1.6677,-3.0348,-0.2339,-3.6246,0.0067,-2.9727,44.2818,33.4777,0.2203,0.2821,-0.692,11.09,5.2729,"['Mg', 'Ni']","['0.67', '0.33']","['Mg', 'Ni']",[0.67 0.33],Mg0.67Ni0.33
12993,204,PCT,92.pdf-010.jpg,Mg2 Ni,Mg0.67Ni0.33,Mg Ni,0.67 0.33,0.67 0.33,2.89931959611613,0.49542795451695,573,3811.92066575101,17.28,3.33,1.4845,127.03,213.4,1.508,4.1061,0.3828,1187.32,1916.25,4.64,7.6467,137.23,89.55,11.505,11.5413,35.6554,830.25,-1.4327,3.0113,1.6677,-3.0348,-0.2339,-3.6246,0.0067,-2.9727,44.2818,33.4777,0.2203,0.2821,-0.692,11.09,5.2729,"['Mg', 'Ni']","['0.67', '0.33']","['Mg', 'Ni']",[0.67 0.33],Mg0.67Ni0.33
12994,204,PCT,92.pdf-010.jpg,Mg2 Ni,Mg0.67Ni0.33,Mg Ni,0.67 0.33,0.67 0.33,3.0965882951161,0.848481426656968,573,5093.53987084115,17.28,3.33,1.4845,127.03,213.4,1.508,4.1061,0.3828,1187.32,1916.25,4.64,7.6467,137.23,89.55,11.505,11.5413,35.6554,830.25,-1.4327,3.0113,1.6677,-3.0348,-0.2339,-3.6246,0.0067,-2.9727,44.2818,33.4777,0.2203,0.2821,-0.692,11.09,5.2729,"['Mg', 'Ni']","['0.67', '0.33']","['Mg', 'Ni']",[0.67 0.33],Mg0.67Ni0.33
12995,204,PCT,92.pdf-010.jpg,Mg2 Ni,Mg0.67Ni0.33,Mg Ni,0.67 0.33,0.67 0.33,3.14765490689847,1.20555882487978,573,5930.24463685855,17.28,3.33,1.4845,127.03,213.4,1.508,4.1061,0.3828,1187.32,1916.25,4.64,7.6467,137.23,89.55,11.505,11.5413,35.6554,830.25,-1.4327,3.0113,1.6677,-3.0348,-0.2339,-3.6246,0.0067,-2.9727,44.2818,33.4777,0.2203,0.2821,-0.692,11.09,5.2729,"['Mg', 'Ni']","['0.67', '0.33']","['Mg', 'Ni']",[0.67 0.33],Mg0.67Ni0.33
12996,204,PCT,92.pdf-010.jpg,Mg2 Ni,Mg0.67Ni0.33,Mg Ni,0.67 0.33,0.67 0.33,3.15993123320177,1.7103331135728,573,6763.3635253073,17.28,3.33,1.4845,127.03,213.4,1.508,4.1061,0.3828,1187.32,1916.25,4.64,7.6467,137.23,89.55,11.505,11.5413,35.6554,830.25,-1.4327,3.0113,1.6677,-3.0348,-0.2339,-3.6246,0.0067,-2.9727,44.2818,33.4777,0.2203,0.2821,-0.692,11.09,5.2729,"['Mg', 'Ni']","['0.67', '0.33']","['Mg', 'Ni']",[0.67 0.33],Mg0.67Ni0.33
12997,204,PCT,92.pdf-010.jpg,Mg2 Ni,Mg0.67Ni0.33,Mg Ni,0.67 0.33,0.67 0.33,3.22806847623429,2.66219780234728,573,7817.34590992858,17.28,3.33,1.4845,127.03,213.4,1.508,4.1061,0.3828,1187.32,1916.25,4.64,7.6467,137.23,89.55,11.505,11.5413,35.6554,830.25,-1.4327,3.0113,1.6677,-3.0348,-0.2339,-3.6246,0.0067,-2.9727,44.2818,33.4777,0.2203,0.2821,-0.692,11.09,5.2729,"['Mg', 'Ni']","['0.67', '0.33']","['Mg', 'Ni']",[0.67 0.33],Mg0.67Ni0.33
12998,204,PCT,92.pdf-010.jpg,Mg2 Ni,Mg0.67Ni0.33,Mg Ni,0.67 0.33,0.67 0.33,3.2792077290007,3.63859466814568,573,8561.61472084311,17.28,3.33,1.4845,127.03,213.4,1.508,4.1061,0.3828,1187.32,1916.25,4.64,7.6467,137.23,89.55,11.505,11.5413,35.6554,830.25,-1.4327,3.0113,1.6677,-3.0348,-0.2339,-3.6246,0.0067,-2.9727,44.2818,33.4777,0.2203,0.2821,-0.692,11.09,5.2729,"['Mg', 'Ni']","['0.67', '0.33']","['Mg', 'Ni']",[0.67 0.33],Mg0.67Ni0.33
13093,205,PCI,78.pdf-006.jpg,Mg-8at%Ni,Mg0.92Ni0.08,Mg Ni,0.92 0.08,0.92 0.08,0.00248003362757432,0.0871794871794873,623,-355.342068967697,13.28,3.08,1.572,129.28,218.4,1.358,2.3136,0.0928,986.32,1510,2.64,7.6492,154.48,55.8,9.38,13.3888,27.0604,974,-0.3852,3.3588,1.7452,-2.3948,-0.2764,-3.2196,0.0092,-1.9252,56.1668,42.0552,0.2428,0.1628,-0.842,6,2.3178,"['Mg', 'Ni']","['0.92', '0.08']","['Mg', 'Ni']",[0.92 0.08],Mg0.92Ni0.08
13094,205,PCI,78.pdf-006.jpg,Mg-8at%Ni,Mg0.92Ni0.08,Mg Ni,0.92 0.08,0.92 0.08,0.012358133669609,0.492307692307692,623,4128.18570074422,13.28,3.08,1.572,129.28,218.4,1.358,2.3136,0.0928,986.32,1510,2.64,7.6492,154.48,55.8,9.38,13.3888,27.0604,974,-0.3852,3.3588,1.7452,-2.3948,-0.2764,-3.2196,0.0092,-1.9252,56.1668,42.0552,0.2428,0.1628,-0.842,6,2.3178,"['Mg', 'Ni']","['0.92', '0.08']","['Mg', 'Ni']",[0.92 0.08],Mg0.92Ni0.08
13095,205,PCI,78.pdf-006.jpg,Mg-8at%Ni,Mg0.92Ni0.08,Mg Ni,0.92 0.08,0.92 0.08,0.0123160992013454,0.98974358974359,623,5936.84650088154,13.28,3.08,1.572,129.28,218.4,1.358,2.3136,0.0928,986.32,1510,2.64,7.6492,154.48,55.8,9.38,13.3888,27.0604,974,-0.3852,3.3588,1.7452,-2.3948,-0.2764,-3.2196,0.0092,-1.9252,56.1668,42.0552,0.2428,0.1628,-0.842,6,2.3178,"['Mg', 'Ni']","['0.92', '0.08']","['Mg', 'Ni']",[0.92 0.08],Mg0.92Ni0.08
13096,205,PCI,78.pdf-006.jpg,Mg-8at%Ni,Mg0.92Ni0.08,Mg Ni,0.92 0.08,0.92 0.08,0.176376628835645,1.4974358974359,623,7009.24459379605,13.28,3.08,1.572,129.28,218.4,1.358,2.3136,0.0928,986.32,1510,2.64,7.6492,154.48,55.8,9.38,13.3888,27.0604,974,-0.3852,3.3588,1.7452,-2.3948,-0.2764,-3.2196,0.0092,-1.9252,56.1668,42.0552,0.2428,0.1628,-0.842,6,2.3178,"['Mg', 'Ni']","['0.92', '0.08']","['Mg', 'Ni']",[0.92 0.08],Mg0.92Ni0.08
13097,205,PCI,78.pdf-006.jpg,Mg-8at%Ni,Mg0.92Ni0.08,Mg Ni,0.92 0.08,0.92 0.08,0.310634720470786,1.68717948717949,623,7318.23413722922,13.28,3.08,1.572,129.28,218.4,1.358,2.3136,0.0928,986.32,1510,2.64,7.6492,154.48,55.8,9.38,13.3888,27.0604,974,-0.3852,3.3588,1.7452,-2.3948,-0.2764,-3.2196,0.0092,-1.9252,56.1668,42.0552,0.2428,0.1628,-0.842,6,2.3178,"['Mg', 'Ni']","['0.92', '0.08']","['Mg', 'Ni']",[0.92 0.08],Mg0.92Ni0.08
13098,205,PCI,78.pdf-006.jpg,Mg-8at%Ni,Mg0.92Ni0.08,Mg Ni,0.92 0.08,0.92 0.08,0.338671710802859,1.8974358974359,623,7622.40978387562,13.28,3.08,1.572,129.28,218.4,1.358,2.3136,0.0928,986.32,1510,2.64,7.6492,154.48,55.8,9.38,13.3888,27.0604,974,-0.3852,3.3588,1.7452,-2.3948,-0.2764,-3.2196,0.0092,-1.9252,56.1668,42.0552,0.2428,0.1628,-0.842,6,2.3178,"['Mg', 'Ni']","['0.92', '0.08']","['Mg', 'Ni']",[0.92 0.08],Mg0.92Ni0.08
13099,205,PCI,78.pdf-006.jpg,Mg-8at%Ni,Mg0.92Ni0.08,Mg Ni,0.92 0.08,0.92 0.08,0.487810004203447,1.9948717948718,623,7752.10427432811,13.28,3.08,1.572,129.28,218.4,1.358,2.3136,0.0928,986.32,1510,2.64,7.6492,154.48,55.8,9.38,13.3888,27.0604,974,-0.3852,3.3588,1.7452,-2.3948,-0.2764,-3.2196,0.0092,-1.9252,56.1668,42.0552,0.2428,0.1628,-0.842,6,2.3178,"['Mg', 'Ni']","['0.92', '0.08']","['Mg', 'Ni']",[0.92 0.08],Mg0.92Ni0.08
13100,205,PCI,78.pdf-006.jpg,Mg-8at%Ni,Mg0.92Ni0.08,Mg Ni,0.92 0.08,0.92 0.08,1.49768810424548,2.0974358974359,623,7881.95279976087,13.28,3.08,1.572,129.28,218.4,1.358,2.3136,0.0928,986.32,1510,2.64,7.6492,154.48,55.8,9.38,13.3888,27.0604,974,-0.3852,3.3588,1.7452,-2.3948,-0.2764,-3.2196,0.0092,-1.9252,56.1668,42.0552,0.2428,0.1628,-0.842,6,2.3178,"['Mg', 'Ni']","['0.92', '0.08']","['Mg', 'Ni']",[0.92 0.08],Mg0.92Ni0.08
13101,205,PCI,78.pdf-006.jpg,Mg-8at%Ni,Mg0.92Ni0.08,Mg Ni,0.92 0.08,0.92 0.08,4.06494325346784,2.2,623,8005.60089106404,13.28,3.08,1.572,129.28,218.4,1.358,2.3136,0.0928,986.32,1510,2.64,7.6492,154.48,55.8,9.38,13.3888,27.0604,974,-0.3852,3.3588,1.7452,-2.3948,-0.2764,-3.2196,0.0092,-1.9252,56.1668,42.0552,0.2428,0.1628,-0.842,6,2.3178,"['Mg', 'Ni']","['0.92', '0.08']","['Mg', 'Ni']",[0.92 0.08],Mg0.92Ni0.08
13102,205,PCI,78.pdf-006.jpg,Mg-8at%Ni,Mg0.92Ni0.08,Mg Ni,0.92 0.08,0.92 0.08,6.05014712063892,2.2974358974359,623,8117.8391521367,13.28,3.08,1.572,129.28,218.4,1.358,2.3136,0.0928,986.32,1510,2.64,7.6492,154.48,55.8,9.38,13.3888,27.0604,974,-0.3852,3.3588,1.7452,-2.3948,-0.2764,-3.2196,0.0092,-1.9252,56.1668,42.0552,0.2428,0.1628,-0.842,6,2.3178,"['Mg', 'Ni']","['0.92', '0.08']","['Mg', 'Ni']",[0.92 0.08],Mg0.92Ni0.08
13103,205,PCI,78.pdf-006.jpg,Mg-8at%Ni,Mg0.92Ni0.08,Mg Ni,0.92 0.08,0.92 0.08,6.07776376628836,2.48205128205128,623,8318.01961099414,13.28,3.08,1.572,129.28,218.4,1.358,2.3136,0.0928,986.32,1510,2.64,7.6492,154.48,55.8,9.38,13.3888,27.0604,974,-0.3852,3.3588,1.7452,-2.3948,-0.2764,-3.2196,0.0092,-1.9252,56.1668,42.0552,0.2428,0.1628,-0.842,6,2.3178,"['Mg', 'Ni']","['0.92', '0.08']","['Mg', 'Ni']",[0.92 0.08],Mg0.92Ni0.08
13104,205,PCI,78.pdf-006.jpg,Mg-8at%Ni,Mg0.92Ni0.08,Mg Ni,0.92 0.08,0.92 0.08,6.21723413198823,2.98974358974359,623,8800.01253025903,13.28,3.08,1.572,129.28,218.4,1.358,2.3136,0.0928,986.32,1510,2.64,7.6492,154.48,55.8,9.38,13.3888,27.0604,974,-0.3852,3.3588,1.7452,-2.3948,-0.2764,-3.2196,0.0092,-1.9252,56.1668,42.0552,0.2428,0.1628,-0.842,6,2.3178,"['Mg', 'Ni']","['0.92', '0.08']","['Mg', 'Ni']",[0.92 0.08],Mg0.92Ni0.08
13236,206,PCI,78.pdf-006.jpg,Mg-8at%Ni,Mg0.92Ni0.08,Mg Ni,0.92 0.08,0.92 0.08,0.0633459436738124,0.102564102564103,573,60.3089326448722,13.28,3.08,1.572,129.28,218.4,1.358,2.3136,0.0928,986.32,1510,2.64,7.6492,154.48,55.8,9.38,13.3888,27.0604,974,-0.3852,3.3588,1.7452,-2.3948,-0.2764,-3.2196,0.0092,-1.9252,56.1668,42.0552,0.2428,0.1628,-0.842,6,2.3178,"['Mg', 'Ni']","['0.92', '0.08']","['Mg', 'Ni']",[0.92 0.08],Mg0.92Ni0.08
13237,206,PCI,78.pdf-006.jpg,Mg-8at%Ni,Mg0.92Ni0.08,Mg Ni,0.92 0.08,0.92 0.08,0.0733081126523749,0.21025641025641,573,1770.25758861728,13.28,3.08,1.572,129.28,218.4,1.358,2.3136,0.0928,986.32,1510,2.64,7.6492,154.48,55.8,9.38,13.3888,27.0604,974,-0.3852,3.3588,1.7452,-2.3948,-0.2764,-3.2196,0.0092,-1.9252,56.1668,42.0552,0.2428,0.1628,-0.842,6,2.3178,"['Mg', 'Ni']","['0.92', '0.08']","['Mg', 'Ni']",[0.92 0.08],Mg0.92Ni0.08
13238,206,PCI,78.pdf-006.jpg,Mg-8at%Ni,Mg0.92Ni0.08,Mg Ni,0.92 0.08,0.92 0.08,0.0830180748213536,0.302564102564103,573,2637.25063289356,13.28,3.08,1.572,129.28,218.4,1.358,2.3136,0.0928,986.32,1510,2.64,7.6492,154.48,55.8,9.38,13.3888,27.0604,974,-0.3852,3.3588,1.7452,-2.3948,-0.2764,-3.2196,0.0092,-1.9252,56.1668,42.0552,0.2428,0.1628,-0.842,6,2.3178,"['Mg', 'Ni']","['0.92', '0.08']","['Mg', 'Ni']",[0.92 0.08],Mg0.92Ni0.08
13239,206,PCI,78.pdf-006.jpg,Mg-8at%Ni,Mg0.92Ni0.08,Mg Ni,0.92 0.08,0.92 0.08,0.0596889449348468,0.379487179487179,573,3176.85661901275,13.28,3.08,1.572,129.28,218.4,1.358,2.3136,0.0928,986.32,1510,2.64,7.6492,154.48,55.8,9.38,13.3888,27.0604,974,-0.3852,3.3588,1.7452,-2.3948,-0.2764,-3.2196,0.0092,-1.9252,56.1668,42.0552,0.2428,0.1628,-0.842,6,2.3178,"['Mg', 'Ni']","['0.92', '0.08']","['Mg', 'Ni']",[0.92 0.08],Mg0.92Ni0.08
13240,206,PCI,78.pdf-006.jpg,Mg-8at%Ni,Mg0.92Ni0.08,Mg Ni,0.92 0.08,0.92 0.08,0.143673812526272,0.502564102564103,573,3845.98733741407,13.28,3.08,1.572,129.28,218.4,1.358,2.3136,0.0928,986.32,1510,2.64,7.6492,154.48,55.8,9.38,13.3888,27.0604,974,-0.3852,3.3588,1.7452,-2.3948,-0.2764,-3.2196,0.0092,-1.9252,56.1668,42.0552,0.2428,0.1628,-0.842,6,2.3178,"['Mg', 'Ni']","['0.92', '0.08']","['Mg', 'Ni']",[0.92 0.08],Mg0.92Ni0.08
13241,206,PCI,78.pdf-006.jpg,Mg-8at%Ni,Mg0.92Ni0.08,Mg Ni,0.92 0.08,0.92 0.08,1.90756620428752,0.6,573,4268.1065127171,13.28,3.08,1.572,129.28,218.4,1.358,2.3136,0.0928,986.32,1510,2.64,7.6492,154.48,55.8,9.38,13.3888,27.0604,974,-0.3852,3.3588,1.7452,-2.3948,-0.2764,-3.2196,0.0092,-1.9252,56.1668,42.0552,0.2428,0.1628,-0.842,6,2.3178,"['Mg', 'Ni']","['0.92', '0.08']","['Mg', 'Ni']",[0.92 0.08],Mg0.92Ni0.08
13242,206,PCI,78.pdf-006.jpg,Mg-8at%Ni,Mg0.92Ni0.08,Mg Ni,0.92 0.08,0.92 0.08,4.17137452711223,0.692307692307693,573,4608.98354069297,13.28,3.08,1.572,129.28,218.4,1.358,2.3136,0.0928,986.32,1510,2.64,7.6492,154.48,55.8,9.38,13.3888,27.0604,974,-0.3852,3.3588,1.7452,-2.3948,-0.2764,-3.2196,0.0092,-1.9252,56.1668,42.0552,0.2428,0.1628,-0.842,6,2.3178,"['Mg', 'Ni']","['0.92', '0.08']","['Mg', 'Ni']",[0.92 0.08],Mg0.92Ni0.08
13243,206,PCI,78.pdf-006.jpg,Mg-8at%Ni,Mg0.92Ni0.08,Mg Ni,0.92 0.08,0.92 0.08,4.58289197141656,0.794871794871795,573,4938.06809111986,13.28,3.08,1.572,129.28,218.4,1.358,2.3136,0.0928,986.32,1510,2.64,7.6492,154.48,55.8,9.38,13.3888,27.0604,974,-0.3852,3.3588,1.7452,-2.3948,-0.2764,-3.2196,0.0092,-1.9252,56.1668,42.0552,0.2428,0.1628,-0.842,6,2.3178,"['Mg', 'Ni']","['0.92', '0.08']","['Mg', 'Ni']",[0.92 0.08],Mg0.92Ni0.08
13244,206,PCI,78.pdf-006.jpg,Mg-8at%Ni,Mg0.92Ni0.08,Mg Ni,0.92 0.08,0.92 0.08,4.63375367801597,0.897435897435897,573,5227.15882738481,13.28,3.08,1.572,129.28,218.4,1.358,2.3136,0.0928,986.32,1510,2.64,7.6492,154.48,55.8,9.38,13.3888,27.0604,974,-0.3852,3.3588,1.7452,-2.3948,-0.2764,-3.2196,0.0092,-1.9252,56.1668,42.0552,0.2428,0.1628,-0.842,6,2.3178,"['Mg', 'Ni']","['0.92', '0.08']","['Mg', 'Ni']",[0.92 0.08],Mg0.92Ni0.08
13245,206,PCI,78.pdf-006.jpg,Mg-8at%Ni,Mg0.92Ni0.08,Mg Ni,0.92 0.08,0.92 0.08,4.72568306010929,1.00512820512821,573,5497.11632343472,13.28,3.08,1.572,129.28,218.4,1.358,2.3136,0.0928,986.32,1510,2.64,7.6492,154.48,55.8,9.38,13.3888,27.0604,974,-0.3852,3.3588,1.7452,-2.3948,-0.2764,-3.2196,0.0092,-1.9252,56.1668,42.0552,0.2428,0.1628,-0.842,6,2.3178,"['Mg', 'Ni']","['0.92', '0.08']","['Mg', 'Ni']",[0.92 0.08],Mg0.92Ni0.08
13246,206,PCI,78.pdf-006.jpg,Mg-8at%Ni,Mg0.92Ni0.08,Mg Ni,0.92 0.08,0.92 0.08,5.14350567465322,1.49230769230769,573,6438.53310532086,13.28,3.08,1.572,129.28,218.4,1.358,2.3136,0.0928,986.32,1510,2.64,7.6492,154.48,55.8,9.38,13.3888,27.0604,974,-0.3852,3.3588,1.7452,-2.3948,-0.2764,-3.2196,0.0092,-1.9252,56.1668,42.0552,0.2428,0.1628,-0.842,6,2.3178,"['Mg', 'Ni']","['0.92', '0.08']","['Mg', 'Ni']",[0.92 0.08],Mg0.92Ni0.08
13247,206,PCI,78.pdf-006.jpg,Mg-8at%Ni,Mg0.92Ni0.08,Mg Ni,0.92 0.08,0.92 0.08,5.55355191256831,2.0051282051282,573,7142.16082185604,13.28,3.08,1.572,129.28,218.4,1.358,2.3136,0.0928,986.32,1510,2.64,7.6492,154.48,55.8,9.38,13.3888,27.0604,974,-0.3852,3.3588,1.7452,-2.3948,-0.2764,-3.2196,0.0092,-1.9252,56.1668,42.0552,0.2428,0.1628,-0.842,6,2.3178,"['Mg', 'Ni']","['0.92', '0.08']","['Mg', 'Ni']",[0.92 0.08],Mg0.92Ni0.08
13248,206,PCI,78.pdf-006.jpg,Mg-8at%Ni,Mg0.92Ni0.08,Mg Ni,0.92 0.08,0.92 0.08,5.96343001261034,2.50769230769231,573,7674.92377221273,13.28,3.08,1.572,129.28,218.4,1.358,2.3136,0.0928,986.32,1510,2.64,7.6492,154.48,55.8,9.38,13.3888,27.0604,974,-0.3852,3.3588,1.7452,-2.3948,-0.2764,-3.2196,0.0092,-1.9252,56.1668,42.0552,0.2428,0.1628,-0.842,6,2.3178,"['Mg', 'Ni']","['0.92', '0.08']","['Mg', 'Ni']",[0.92 0.08],Mg0.92Ni0.08
13249,206,PCI,78.pdf-006.jpg,Mg-8at%Ni,Mg0.92Ni0.08,Mg Ni,0.92 0.08,0.92 0.08,6.21748633879781,3.0051282051282,573,8105.97774142791,13.28,3.08,1.572,129.28,218.4,1.358,2.3136,0.0928,986.32,1510,2.64,7.6492,154.48,55.8,9.38,13.3888,27.0604,974,-0.3852,3.3588,1.7452,-2.3948,-0.2764,-3.2196,0.0092,-1.9252,56.1668,42.0552,0.2428,0.1628,-0.842,6,2.3178,"['Mg', 'Ni']","['0.92', '0.08']","['Mg', 'Ni']",[0.92 0.08],Mg0.92Ni0.08
13297,207,PCI,78.pdf-006.jpg,Mg-8at%Ni,Mg0.92Ni0.08,Mg Ni,0.92 0.08,0.92 0.08,0.0205548549810846,0.0153846153846153,523,-4069.70149313341,13.28,3.08,1.572,129.28,218.4,1.358,2.3136,0.0928,986.32,1510,2.64,7.6492,154.48,55.8,9.38,13.3888,27.0604,974,-0.3852,3.3588,1.7452,-2.3948,-0.2764,-3.2196,0.0092,-1.9252,56.1668,42.0552,0.2428,0.1628,-0.842,6,2.3178,"['Mg', 'Ni']","['0.92', '0.08']","['Mg', 'Ni']",[0.92 0.08],Mg0.92Ni0.08
13298,207,PCI,78.pdf-006.jpg,Mg-8at%Ni,Mg0.92Ni0.08,Mg Ni,0.92 0.08,0.92 0.08,0.153341740226986,0.092307692307692,523,-174.03010369005,13.28,3.08,1.572,129.28,218.4,1.358,2.3136,0.0928,986.32,1510,2.64,7.6492,154.48,55.8,9.38,13.3888,27.0604,974,-0.3852,3.3588,1.7452,-2.3948,-0.2764,-3.2196,0.0092,-1.9252,56.1668,42.0552,0.2428,0.1628,-0.842,6,2.3178,"['Mg', 'Ni']","['0.92', '0.08']","['Mg', 'Ni']",[0.92 0.08],Mg0.92Ni0.08
13299,207,PCI,78.pdf-006.jpg,Mg-8at%Ni,Mg0.92Ni0.08,Mg Ni,0.92 0.08,0.92 0.08,4.2860025220681,0.184615384615385,523,1333.02130937941,13.28,3.08,1.572,129.28,218.4,1.358,2.3136,0.0928,986.32,1510,2.64,7.6492,154.48,55.8,9.38,13.3888,27.0604,974,-0.3852,3.3588,1.7452,-2.3948,-0.2764,-3.2196,0.0092,-1.9252,56.1668,42.0552,0.2428,0.1628,-0.842,6,2.3178,"['Mg', 'Ni']","['0.92', '0.08']","['Mg', 'Ni']",[0.92 0.08],Mg0.92Ni0.08
13300,207,PCI,78.pdf-006.jpg,Mg-8at%Ni,Mg0.92Ni0.08,Mg Ni,0.92 0.08,0.92 0.08,4.83703236654056,0.297435897435898,523,2369.95706693369,13.28,3.08,1.572,129.28,218.4,1.358,2.3136,0.0928,986.32,1510,2.64,7.6492,154.48,55.8,9.38,13.3888,27.0604,974,-0.3852,3.3588,1.7452,-2.3948,-0.2764,-3.2196,0.0092,-1.9252,56.1668,42.0552,0.2428,0.1628,-0.842,6,2.3178,"['Mg', 'Ni']","['0.92', '0.08']","['Mg', 'Ni']",[0.92 0.08],Mg0.92Ni0.08
13301,207,PCI,78.pdf-006.jpg,Mg-8at%Ni,Mg0.92Ni0.08,Mg Ni,0.92 0.08,0.92 0.08,5.38789407313997,0.4,523,3014.1028261389,13.28,3.08,1.572,129.28,218.4,1.358,2.3136,0.0928,986.32,1510,2.64,7.6492,154.48,55.8,9.38,13.3888,27.0604,974,-0.3852,3.3588,1.7452,-2.3948,-0.2764,-3.2196,0.0092,-1.9252,56.1668,42.0552,0.2428,0.1628,-0.842,6,2.3178,"['Mg', 'Ni']","['0.92', '0.08']","['Mg', 'Ni']",[0.92 0.08],Mg0.92Ni0.08
13302,207,PCI,78.pdf-006.jpg,Mg-8at%Ni,Mg0.92Ni0.08,Mg Ni,0.92 0.08,0.92 0.08,5.53694829760404,0.492307692307692,523,3465.55557221385,13.28,3.08,1.572,129.28,218.4,1.358,2.3136,0.0928,986.32,1510,2.64,7.6492,154.48,55.8,9.38,13.3888,27.0604,974,-0.3852,3.3588,1.7452,-2.3948,-0.2764,-3.2196,0.0092,-1.9252,56.1668,42.0552,0.2428,0.1628,-0.842,6,2.3178,"['Mg', 'Ni']","['0.92', '0.08']","['Mg', 'Ni']",[0.92 0.08],Mg0.92Ni0.08
13303,207,PCI,78.pdf-006.jpg,Mg-8at%Ni,Mg0.92Ni0.08,Mg Ni,0.92 0.08,0.92 0.08,5.80748213535099,0.994871794871795,523,4995.13791851546,13.28,3.08,1.572,129.28,218.4,1.358,2.3136,0.0928,986.32,1510,2.64,7.6492,154.48,55.8,9.38,13.3888,27.0604,974,-0.3852,3.3588,1.7452,-2.3948,-0.2764,-3.2196,0.0092,-1.9252,56.1668,42.0552,0.2428,0.1628,-0.842,6,2.3178,"['Mg', 'Ni']","['0.92', '0.08']","['Mg', 'Ni']",[0.92 0.08],Mg0.92Ni0.08
13304,207,PCI,78.pdf-006.jpg,Mg-8at%Ni,Mg0.92Ni0.08,Mg Ni,0.92 0.08,0.92 0.08,5.93858764186633,1.49230769230769,523,5876.70648181992,13.28,3.08,1.572,129.28,218.4,1.358,2.3136,0.0928,986.32,1510,2.64,7.6492,154.48,55.8,9.38,13.3888,27.0604,974,-0.3852,3.3588,1.7452,-2.3948,-0.2764,-3.2196,0.0092,-1.9252,56.1668,42.0552,0.2428,0.1628,-0.842,6,2.3178,"['Mg', 'Ni']","['0.92', '0.08']","['Mg', 'Ni']",[0.92 0.08],Mg0.92Ni0.08
13305,207,PCI,78.pdf-006.jpg,Mg-8at%Ni,Mg0.92Ni0.08,Mg Ni,0.92 0.08,0.92 0.08,6.06969314838167,1.98974358974359,523,6502.18933158491,13.28,3.08,1.572,129.28,218.4,1.358,2.3136,0.0928,986.32,1510,2.64,7.6492,154.48,55.8,9.38,13.3888,27.0604,974,-0.3852,3.3588,1.7452,-2.3948,-0.2764,-3.2196,0.0092,-1.9252,56.1668,42.0552,0.2428,0.1628,-0.842,6,2.3178,"['Mg', 'Ni']","['0.92', '0.08']","['Mg', 'Ni']",[0.92 0.08],Mg0.92Ni0.08
13306,207,PCI,78.pdf-006.jpg,Mg-8at%Ni,Mg0.92Ni0.08,Mg Ni,0.92 0.08,0.92 0.08,6.38158890290038,3.01538461538462,523,7406.05773755428,13.28,3.08,1.572,129.28,218.4,1.358,2.3136,0.0928,986.32,1510,2.64,7.6492,154.48,55.8,9.38,13.3888,27.0604,974,-0.3852,3.3588,1.7452,-2.3948,-0.2764,-3.2196,0.0092,-1.9252,56.1668,42.0552,0.2428,0.1628,-0.842,6,2.3178,"['Mg', 'Ni']","['0.92', '0.08']","['Mg', 'Ni']",[0.92 0.08],Mg0.92Ni0.08
13359,208,PCI,78.pdf-006_1.jpg,Mg-15at%Ni,Mg0.85Ni0.15,Mg Ni,0.85 0.15,0.85 0.15,0.0201342281879193,0.0202020202020199,623,-4142.31082278386,14.4,3.15,1.5475,128.65,217,1.4,2.8155,0.174,1042.6,1623.75,3.2,7.6485,149.65,65.25,9.975,12.8715,29.467,933.75,-0.6785,3.2615,1.7235,-2.574,-0.2645,-3.333,0.0085,-2.2185,52.839,39.6535,0.2365,0.2142,-0.8,8.06,3.5146,"['Mg', 'Ni']","['0.85', '0.15']","['Mg', 'Ni']",[0.85 0.15],Mg0.85Ni0.15
13360,208,PCI,78.pdf-006_1.jpg,Mg-15at%Ni,Mg0.85Ni0.15,Mg Ni,0.85 0.15,0.85 0.15,0.100671140939598,0.101010101010101,623,26.0297226189394,14.4,3.15,1.5475,128.65,217,1.4,2.8155,0.174,1042.6,1623.75,3.2,7.6485,149.65,65.25,9.975,12.8715,29.467,933.75,-0.6785,3.2615,1.7235,-2.574,-0.2645,-3.333,0.0085,-2.2185,52.839,39.6535,0.2365,0.2142,-0.8,8.06,3.5146,"['Mg', 'Ni']","['0.85', '0.15']","['Mg', 'Ni']",[0.85 0.15],Mg0.85Ni0.15
13361,208,PCI,78.pdf-006_1.jpg,Mg-15at%Ni,Mg0.85Ni0.15,Mg Ni,0.85 0.15,0.85 0.15,0.429530201342282,0.5,623,4168.34054540276,14.4,3.15,1.5475,128.65,217,1.4,2.8155,0.174,1042.6,1623.75,3.2,7.6485,149.65,65.25,9.975,12.8715,29.467,933.75,-0.6785,3.2615,1.7235,-2.574,-0.2645,-3.333,0.0085,-2.2185,52.839,39.6535,0.2365,0.2142,-0.8,8.06,3.5146,"['Mg', 'Ni']","['0.85', '0.15']","['Mg', 'Ni']",[0.85 0.15],Mg0.85Ni0.15
13362,208,PCI,78.pdf-006_1.jpg,Mg-15at%Ni,Mg0.85Ni0.15,Mg Ni,0.85 0.15,0.85 0.15,0.758389261744967,1.00505050505051,623,5976.59466647826,14.4,3.15,1.5475,128.65,217,1.4,2.8155,0.174,1042.6,1623.75,3.2,7.6485,149.65,65.25,9.975,12.8715,29.467,933.75,-0.6785,3.2615,1.7235,-2.574,-0.2645,-3.333,0.0085,-2.2185,52.839,39.6535,0.2365,0.2142,-0.8,8.06,3.5146,"['Mg', 'Ni']","['0.85', '0.15']","['Mg', 'Ni']",[0.85 0.15],Mg0.85Ni0.15
13363,208,PCI,78.pdf-006_1.jpg,Mg-15at%Ni,Mg0.85Ni0.15,Mg Ni,0.85 0.15,0.85 0.15,1.06711409395973,1.5,623,7013.67562242177,14.4,3.15,1.5475,128.65,217,1.4,2.8155,0.174,1042.6,1623.75,3.2,7.6485,149.65,65.25,9.975,12.8715,29.467,933.75,-0.6785,3.2615,1.7235,-2.574,-0.2645,-3.333,0.0085,-2.2185,52.839,39.6535,0.2365,0.2142,-0.8,8.06,3.5146,"['Mg', 'Ni']","['0.85', '0.15']","['Mg', 'Ni']",[0.85 0.15],Mg0.85Ni0.15
13364,208,PCI,78.pdf-006_1.jpg,Mg-15at%Ni,Mg0.85Ni0.15,Mg Ni,0.85 0.15,0.85 0.15,1.26174496644295,1.81313131313131,623,7504.70215949534,14.4,3.15,1.5475,128.65,217,1.4,2.8155,0.174,1042.6,1623.75,3.2,7.6485,149.65,65.25,9.975,12.8715,29.467,933.75,-0.6785,3.2615,1.7235,-2.574,-0.2645,-3.333,0.0085,-2.2185,52.839,39.6535,0.2365,0.2142,-0.8,8.06,3.5146,"['Mg', 'Ni']","['0.85', '0.15']","['Mg', 'Ni']",[0.85 0.15],Mg0.85Ni0.15
13365,208,PCI,78.pdf-006_1.jpg,Mg-15at%Ni,Mg0.85Ni0.15,Mg Ni,0.85 0.15,0.85 0.15,1.36912751677852,2,623,7758.75366334642,14.4,3.15,1.5475,128.65,217,1.4,2.8155,0.174,1042.6,1623.75,3.2,7.6485,149.65,65.25,9.975,12.8715,29.467,933.75,-0.6785,3.2615,1.7235,-2.574,-0.2645,-3.333,0.0085,-2.2185,52.839,39.6535,0.2365,0.2142,-0.8,8.06,3.5146,"['Mg', 'Ni']","['0.85', '0.15']","['Mg', 'Ni']",[0.85 0.15],Mg0.85Ni0.15
13366,208,PCI,78.pdf-006_1.jpg,Mg-15at%Ni,Mg0.85Ni0.15,Mg Ni,0.85 0.15,0.85 0.15,1.70469798657718,2.11111111111111,623,7898.78428450738,14.4,3.15,1.5475,128.65,217,1.4,2.8155,0.174,1042.6,1623.75,3.2,7.6485,149.65,65.25,9.975,12.8715,29.467,933.75,-0.6785,3.2615,1.7235,-2.574,-0.2645,-3.333,0.0085,-2.2185,52.839,39.6535,0.2365,0.2142,-0.8,8.06,3.5146,"['Mg', 'Ni']","['0.85', '0.15']","['Mg', 'Ni']",[0.85 0.15],Mg0.85Ni0.15
13367,208,PCI,78.pdf-006_1.jpg,Mg-15at%Ni,Mg0.85Ni0.15,Mg Ni,0.85 0.15,0.85 0.15,2.61744966442953,2.20707070707071,623,8013.91148687234,14.4,3.15,1.5475,128.65,217,1.4,2.8155,0.174,1042.6,1623.75,3.2,7.6485,149.65,65.25,9.975,12.8715,29.467,933.75,-0.6785,3.2615,1.7235,-2.574,-0.2645,-3.333,0.0085,-2.2185,52.839,39.6535,0.2365,0.2142,-0.8,8.06,3.5146,"['Mg', 'Ni']","['0.85', '0.15']","['Mg', 'Ni']",[0.85 0.15],Mg0.85Ni0.15
13368,208,PCI,78.pdf-006_1.jpg,Mg-15at%Ni,Mg0.85Ni0.15,Mg Ni,0.85 0.15,0.85 0.15,3.63758389261745,2.31818181818182,623,8141.12139249581,14.4,3.15,1.5475,128.65,217,1.4,2.8155,0.174,1042.6,1623.75,3.2,7.6485,149.65,65.25,9.975,12.8715,29.467,933.75,-0.6785,3.2615,1.7235,-2.574,-0.2645,-3.333,0.0085,-2.2185,52.839,39.6535,0.2365,0.2142,-0.8,8.06,3.5146,"['Mg', 'Ni']","['0.85', '0.15']","['Mg', 'Ni']",[0.85 0.15],Mg0.85Ni0.15
13369,208,PCI,78.pdf-006_1.jpg,Mg-15at%Ni,Mg0.85Ni0.15,Mg Ni,0.85 0.15,0.85 0.15,4.04026845637584,2.42424242424242,623,8256.98447655344,14.4,3.15,1.5475,128.65,217,1.4,2.8155,0.174,1042.6,1623.75,3.2,7.6485,149.65,65.25,9.975,12.8715,29.467,933.75,-0.6785,3.2615,1.7235,-2.574,-0.2645,-3.333,0.0085,-2.2185,52.839,39.6535,0.2365,0.2142,-0.8,8.06,3.5146,"['Mg', 'Ni']","['0.85', '0.15']","['Mg', 'Ni']",[0.85 0.15],Mg0.85Ni0.15
13370,208,PCI,78.pdf-006_1.jpg,Mg-15at%Ni,Mg0.85Ni0.15,Mg Ni,0.85 0.15,0.85 0.15,4.13422818791946,2.52525252525252,623,8362.71081342445,14.4,3.15,1.5475,128.65,217,1.4,2.8155,0.174,1042.6,1623.75,3.2,7.6485,149.65,65.25,9.975,12.8715,29.467,933.75,-0.6785,3.2615,1.7235,-2.574,-0.2645,-3.333,0.0085,-2.2185,52.839,39.6535,0.2365,0.2142,-0.8,8.06,3.5146,"['Mg', 'Ni']","['0.85', '0.15']","['Mg', 'Ni']",[0.85 0.15],Mg0.85Ni0.15
13370,208,PCI,78.pdf-006_1.jpg,Mg-15at%Ni,Mg0.85Ni0.15,Mg Ni,0.85 0.15,0.85 0.15,4.32214765100671,3.02020202020202,623,8826.2643647601,14.4,3.15,1.5475,128.65,217,1.4,2.8155,0.174,1042.6,1623.75,3.2,7.6485,149.65,65.25,9.975,12.8715,29.467,933.75,-0.6785,3.2615,1.7235,-2.574,-0.2645,-3.333,0.0085,-2.2185,52.839,39.6535,0.2365,0.2142,-0.8,8.06,3.5146,"['Mg', 'Ni']","['0.85', '0.15']","['Mg', 'Ni']",[0.85 0.15],Mg0.85Ni0.15
13464,209,PCI,78.pdf-006_1.jpg,Mg-15at%Ni,Mg0.85Ni0.15,Mg Ni,0.85 0.15,0.85 0.15,0.00671140939597326,0.0101010101010099,573,-5460.99110713646,14.4,3.15,1.5475,128.65,217,1.4,2.8155,0.174,1042.6,1623.75,3.2,7.6485,149.65,65.25,9.975,12.8715,29.467,933.75,-0.6785,3.2615,1.7235,-2.574,-0.2645,-3.333,0.0085,-2.2185,52.839,39.6535,0.2365,0.2142,-0.8,8.06,3.5146,"['Mg', 'Ni']","['0.85', '0.15']","['Mg', 'Ni']",[0.85 0.15],Mg0.85Ni0.15
13465,209,PCI,78.pdf-006_1.jpg,Mg-15at%Ni,Mg0.85Ni0.15,Mg Ni,0.85 0.15,0.85 0.15,0.328859060402685,0.393939393939394,573,3265.88969920485,14.4,3.15,1.5475,128.65,217,1.4,2.8155,0.174,1042.6,1623.75,3.2,7.6485,149.65,65.25,9.975,12.8715,29.467,933.75,-0.6785,3.2615,1.7235,-2.574,-0.2645,-3.333,0.0085,-2.2185,52.839,39.6535,0.2365,0.2142,-0.8,8.06,3.5146,"['Mg', 'Ni']","['0.85', '0.15']","['Mg', 'Ni']",[0.85 0.15],Mg0.85Ni0.15
13466,209,PCI,78.pdf-006_1.jpg,Mg-15at%Ni,Mg0.85Ni0.15,Mg Ni,0.85 0.15,0.85 0.15,0.543624161073826,0.5,573,3833.80278092421,14.4,3.15,1.5475,128.65,217,1.4,2.8155,0.174,1042.6,1623.75,3.2,7.6485,149.65,65.25,9.975,12.8715,29.467,933.75,-0.6785,3.2615,1.7235,-2.574,-0.2645,-3.333,0.0085,-2.2185,52.839,39.6535,0.2365,0.2142,-0.8,8.06,3.5146,"['Mg', 'Ni']","['0.85', '0.15']","['Mg', 'Ni']",[0.85 0.15],Mg0.85Ni0.15
13467,209,PCI,78.pdf-006_1.jpg,Mg-15at%Ni,Mg0.85Ni0.15,Mg Ni,0.85 0.15,0.85 0.15,1.16778523489933,0.595959595959596,573,4252.01134607777,14.4,3.15,1.5475,128.65,217,1.4,2.8155,0.174,1042.6,1623.75,3.2,7.6485,149.65,65.25,9.975,12.8715,29.467,933.75,-0.6785,3.2615,1.7235,-2.574,-0.2645,-3.333,0.0085,-2.2185,52.839,39.6535,0.2365,0.2142,-0.8,8.06,3.5146,"['Mg', 'Ni']","['0.85', '0.15']","['Mg', 'Ni']",[0.85 0.15],Mg0.85Ni0.15
13468,209,PCI,78.pdf-006_1.jpg,Mg-15at%Ni,Mg0.85Ni0.15,Mg Ni,0.85 0.15,0.85 0.15,3.43624161073826,0.696969696969697,573,4624.970685266,14.4,3.15,1.5475,128.65,217,1.4,2.8155,0.174,1042.6,1623.75,3.2,7.6485,149.65,65.25,9.975,12.8715,29.467,933.75,-0.6785,3.2615,1.7235,-2.574,-0.2645,-3.333,0.0085,-2.2185,52.839,39.6535,0.2365,0.2142,-0.8,8.06,3.5146,"['Mg', 'Ni']","['0.85', '0.15']","['Mg', 'Ni']",[0.85 0.15],Mg0.85Ni0.15
13469,209,PCI,78.pdf-006_1.jpg,Mg-15at%Ni,Mg0.85Ni0.15,Mg Ni,0.85 0.15,0.85 0.15,3.63758389261745,0.803030303030303,573,4962.39292568922,14.4,3.15,1.5475,128.65,217,1.4,2.8155,0.174,1042.6,1623.75,3.2,7.6485,149.65,65.25,9.975,12.8715,29.467,933.75,-0.6785,3.2615,1.7235,-2.574,-0.2645,-3.333,0.0085,-2.2185,52.839,39.6535,0.2365,0.2142,-0.8,8.06,3.5146,"['Mg', 'Ni']","['0.85', '0.15']","['Mg', 'Ni']",[0.85 0.15],Mg0.85Ni0.15
13470,209,PCI,78.pdf-006_1.jpg,Mg-15at%Ni,Mg0.85Ni0.15,Mg Ni,0.85 0.15,0.85 0.15,3.7248322147651,0.883838383838384,573,5190.79055454838,14.4,3.15,1.5475,128.65,217,1.4,2.8155,0.174,1042.6,1623.75,3.2,7.6485,149.65,65.25,9.975,12.8715,29.467,933.75,-0.6785,3.2615,1.7235,-2.574,-0.2645,-3.333,0.0085,-2.2185,52.839,39.6535,0.2365,0.2142,-0.8,8.06,3.5146,"['Mg', 'Ni']","['0.85', '0.15']","['Mg', 'Ni']",[0.85 0.15],Mg0.85Ni0.15
13471,209,PCI,78.pdf-006_1.jpg,Mg-15at%Ni,Mg0.85Ni0.15,Mg Ni,0.85 0.15,0.85 0.15,3.77852348993289,1.01010101010101,573,5508.87242675328,14.4,3.15,1.5475,128.65,217,1.4,2.8155,0.174,1042.6,1623.75,3.2,7.6485,149.65,65.25,9.975,12.8715,29.467,933.75,-0.6785,3.2615,1.7235,-2.574,-0.2645,-3.333,0.0085,-2.2185,52.839,39.6535,0.2365,0.2142,-0.8,8.06,3.5146,"['Mg', 'Ni']","['0.85', '0.15']","['Mg', 'Ni']",[0.85 0.15],Mg0.85Ni0.15
13472,209,PCI,78.pdf-006_1.jpg,Mg-15at%Ni,Mg0.85Ni0.15,Mg Ni,0.85 0.15,0.85 0.15,4.53020134228188,1.48484848484848,573,6426.59659127409,14.4,3.15,1.5475,128.65,217,1.4,2.8155,0.174,1042.6,1623.75,3.2,7.6485,149.65,65.25,9.975,12.8715,29.467,933.75,-0.6785,3.2615,1.7235,-2.574,-0.2645,-3.333,0.0085,-2.2185,52.839,39.6535,0.2365,0.2142,-0.8,8.06,3.5146,"['Mg', 'Ni']","['0.85', '0.15']","['Mg', 'Ni']",[0.85 0.15],Mg0.85Ni0.15
13473,209,PCI,78.pdf-006_1.jpg,Mg-15at%Ni,Mg0.85Ni0.15,Mg Ni,0.85 0.15,0.85 0.15,4.7248322147651,1.99494949494949,573,7130.03780260124,14.4,3.15,1.5475,128.65,217,1.4,2.8155,0.174,1042.6,1623.75,3.2,7.6485,149.65,65.25,9.975,12.8715,29.467,933.75,-0.6785,3.2615,1.7235,-2.574,-0.2645,-3.333,0.0085,-2.2185,52.839,39.6535,0.2365,0.2142,-0.8,8.06,3.5146,"['Mg', 'Ni']","['0.85', '0.15']","['Mg', 'Ni']",[0.85 0.15],Mg0.85Ni0.15
13474,209,PCI,78.pdf-006_1.jpg,Mg-15at%Ni,Mg0.85Ni0.15,Mg Ni,0.85 0.15,0.85 0.15,5.01342281879195,2.5050505050505,573,7672.41298144178,14.4,3.15,1.5475,128.65,217,1.4,2.8155,0.174,1042.6,1623.75,3.2,7.6485,149.65,65.25,9.975,12.8715,29.467,933.75,-0.6785,3.2615,1.7235,-2.574,-0.2645,-3.333,0.0085,-2.2185,52.839,39.6535,0.2365,0.2142,-0.8,8.06,3.5146,"['Mg', 'Ni']","['0.85', '0.15']","['Mg', 'Ni']",[0.85 0.15],Mg0.85Ni0.15
13475,209,PCI,78.pdf-006_1.jpg,Mg-15at%Ni,Mg0.85Ni0.15,Mg Ni,0.85 0.15,0.85 0.15,5.19463087248322,3.01010101010101,573,8109.91627798704,14.4,3.15,1.5475,128.65,217,1.4,2.8155,0.174,1042.6,1623.75,3.2,7.6485,149.65,65.25,9.975,12.8715,29.467,933.75,-0.6785,3.2615,1.7235,-2.574,-0.2645,-3.333,0.0085,-2.2185,52.839,39.6535,0.2365,0.2142,-0.8,8.06,3.5146,"['Mg', 'Ni']","['0.85', '0.15']","['Mg', 'Ni']",[0.85 0.15],Mg0.85Ni0.15
13530,210,PCI,78.pdf-006_1.jpg,Mg-15at%Ni,Mg0.85Ni0.15,Mg Ni,0.85 0.15,0.85 0.15,0.0201342281879193,0.0101010101010099,523,-4984.46483251723,14.4,3.15,1.5475,128.65,217,1.4,2.8155,0.174,1042.6,1623.75,3.2,7.6485,149.65,65.25,9.975,12.8715,29.467,933.75,-0.6785,3.2615,1.7235,-2.574,-0.2645,-3.333,0.0085,-2.2185,52.839,39.6535,0.2365,0.2142,-0.8,8.06,3.5146,"['Mg', 'Ni']","['0.85', '0.15']","['Mg', 'Ni']",[0.85 0.15],Mg0.85Ni0.15
13531,210,PCI,78.pdf-006_1.jpg,Mg-15at%Ni,Mg0.85Ni0.15,Mg Ni,0.85 0.15,0.85 0.15,0.308724832214765,0.106060606060606,523,127.931933061661,14.4,3.15,1.5475,128.65,217,1.4,2.8155,0.174,1042.6,1623.75,3.2,7.6485,149.65,65.25,9.975,12.8715,29.467,933.75,-0.6785,3.2615,1.7235,-2.574,-0.2645,-3.333,0.0085,-2.2185,52.839,39.6535,0.2365,0.2142,-0.8,8.06,3.5146,"['Mg', 'Ni']","['0.85', '0.15']","['Mg', 'Ni']",[0.85 0.15],Mg0.85Ni0.15
13532,210,PCI,78.pdf-006_1.jpg,Mg-15at%Ni,Mg0.85Ni0.15,Mg Ni,0.85 0.15,0.85 0.15,3.02684563758389,0.217171717171718,523,1686.14372067612,14.4,3.15,1.5475,128.65,217,1.4,2.8155,0.174,1042.6,1623.75,3.2,7.6485,149.65,65.25,9.975,12.8715,29.467,933.75,-0.6785,3.2615,1.7235,-2.574,-0.2645,-3.333,0.0085,-2.2185,52.839,39.6535,0.2365,0.2142,-0.8,8.06,3.5146,"['Mg', 'Ni']","['0.85', '0.15']","['Mg', 'Ni']",[0.85 0.15],Mg0.85Ni0.15
13533,210,PCI,78.pdf-006_1.jpg,Mg-15at%Ni,Mg0.85Ni0.15,Mg Ni,0.85 0.15,0.85 0.15,3.23489932885906,0.303030303030303,523,2410.47157337183,14.4,3.15,1.5475,128.65,217,1.4,2.8155,0.174,1042.6,1623.75,3.2,7.6485,149.65,65.25,9.975,12.8715,29.467,933.75,-0.6785,3.2615,1.7235,-2.574,-0.2645,-3.333,0.0085,-2.2185,52.839,39.6535,0.2365,0.2142,-0.8,8.06,3.5146,"['Mg', 'Ni']","['0.85', '0.15']","['Mg', 'Ni']",[0.85 0.15],Mg0.85Ni0.15
13534,210,PCI,78.pdf-006_1.jpg,Mg-15at%Ni,Mg0.85Ni0.15,Mg Ni,0.85 0.15,0.85 0.15,4.03355704697987,0.414141414141414,523,3089.64148663556,14.4,3.15,1.5475,128.65,217,1.4,2.8155,0.174,1042.6,1623.75,3.2,7.6485,149.65,65.25,9.975,12.8715,29.467,933.75,-0.6785,3.2615,1.7235,-2.574,-0.2645,-3.333,0.0085,-2.2185,52.839,39.6535,0.2365,0.2142,-0.8,8.06,3.5146,"['Mg', 'Ni']","['0.85', '0.15']","['Mg', 'Ni']",[0.85 0.15],Mg0.85Ni0.15
13535,210,PCI,78.pdf-006_1.jpg,Mg-15at%Ni,Mg0.85Ni0.15,Mg Ni,0.85 0.15,0.85 0.15,4.12751677852349,0.525252525252526,523,3606.39089982457,14.4,3.15,1.5475,128.65,217,1.4,2.8155,0.174,1042.6,1623.75,3.2,7.6485,149.65,65.25,9.975,12.8715,29.467,933.75,-0.6785,3.2615,1.7235,-2.574,-0.2645,-3.333,0.0085,-2.2185,52.839,39.6535,0.2365,0.2142,-0.8,8.06,3.5146,"['Mg', 'Ni']","['0.85', '0.15']","['Mg', 'Ni']",[0.85 0.15],Mg0.85Ni0.15
13536,210,PCI,78.pdf-006_1.jpg,Mg-15at%Ni,Mg0.85Ni0.15,Mg Ni,0.85 0.15,0.85 0.15,4.32885906040269,1.01515151515152,523,5039.01201707199,14.4,3.15,1.5475,128.65,217,1.4,2.8155,0.174,1042.6,1623.75,3.2,7.6485,149.65,65.25,9.975,12.8715,29.467,933.75,-0.6785,3.2615,1.7235,-2.574,-0.2645,-3.333,0.0085,-2.2185,52.839,39.6535,0.2365,0.2142,-0.8,8.06,3.5146,"['Mg', 'Ni']","['0.85', '0.15']","['Mg', 'Ni']",[0.85 0.15],Mg0.85Ni0.15
13537,210,PCI,78.pdf-006_1.jpg,Mg-15at%Ni,Mg0.85Ni0.15,Mg Ni,0.85 0.15,0.85 0.15,4.52348993288591,1.5,523,5887.88499281956,14.4,3.15,1.5475,128.65,217,1.4,2.8155,0.174,1042.6,1623.75,3.2,7.6485,149.65,65.25,9.975,12.8715,29.467,933.75,-0.6785,3.2615,1.7235,-2.574,-0.2645,-3.333,0.0085,-2.2185,52.839,39.6535,0.2365,0.2142,-0.8,8.06,3.5146,"['Mg', 'Ni']","['0.85', '0.15']","['Mg', 'Ni']",[0.85 0.15],Mg0.85Ni0.15
13538,210,PCI,78.pdf-006_1.jpg,Mg-15at%Ni,Mg0.85Ni0.15,Mg Ni,0.85 0.15,0.85 0.15,4.7248322147651,2.0050505050505,523,6518.85136528943,14.4,3.15,1.5475,128.65,217,1.4,2.8155,0.174,1042.6,1623.75,3.2,7.6485,149.65,65.25,9.975,12.8715,29.467,933.75,-0.6785,3.2615,1.7235,-2.574,-0.2645,-3.333,0.0085,-2.2185,52.839,39.6535,0.2365,0.2142,-0.8,8.06,3.5146,"['Mg', 'Ni']","['0.85', '0.15']","['Mg', 'Ni']",[0.85 0.15],Mg0.85Ni0.15
13539,210,PCI,78.pdf-006_1.jpg,Mg-15at%Ni,Mg0.85Ni0.15,Mg Ni,0.85 0.15,0.85 0.15,4.91946308724832,2.5,523,6998.53003289131,14.4,3.15,1.5475,128.65,217,1.4,2.8155,0.174,1042.6,1623.75,3.2,7.6485,149.65,65.25,9.975,12.8715,29.467,933.75,-0.6785,3.2615,1.7235,-2.574,-0.2645,-3.333,0.0085,-2.2185,52.839,39.6535,0.2365,0.2142,-0.8,8.06,3.5146,"['Mg', 'Ni']","['0.85', '0.15']","['Mg', 'Ni']",[0.85 0.15],Mg0.85Ni0.15
13540,210,PCI,78.pdf-006_1.jpg,Mg-15at%Ni,Mg0.85Ni0.15,Mg Ni,0.85 0.15,0.85 0.15,5.09395973154363,3.01010101010101,523,7402.24470050126,14.4,3.15,1.5475,128.65,217,1.4,2.8155,0.174,1042.6,1623.75,3.2,7.6485,149.65,65.25,9.975,12.8715,29.467,933.75,-0.6785,3.2615,1.7235,-2.574,-0.2645,-3.333,0.0085,-2.2185,52.839,39.6535,0.2365,0.2142,-0.8,8.06,3.5146,"['Mg', 'Ni']","['0.85', '0.15']","['Mg', 'Ni']",[0.85 0.15],Mg0.85Ni0.15
